{
    "WhatsApp": 71.22388059701493,
    "atendimento": 72.94029850746269,
    "automação": 61.92537313432836,
    "vendas": 78.6268656716418,
    "chatbot": 51.1044776119403,
    "integração": 35.776119402985074,
    "leads": 55.71641791044776,
    "personalização": 29.52238805970149,
    "CRM": 76.32835820895522,
    "PMEs": 11.373134328358208
}